<?xml version="1.0" encoding="UTF-8" standalone="yes"?>
<addon id="plugin.video.moovie.ru"
       name="MOOVIE.RU"
       version="1.0.0"
       provider-name="seppius">
  <requires>
    <import addon="xbmc.python" version="1.0"/>
  </requires>
  <extension point="xbmc.python.pluginsource"
            library="default.py">
        <provides>video</provides>
  </extension>
  <extension point="xbmc.addon.metadata">
    <summary>Moovie.ru - Фильмы онлайн, высокое качество.</summary>
    <description>Вы находитесь на первом в России онлайн-кинотеатре, показывающим фильмы онлайн в хорошем качестве. Мы проделали долгий путь от небольшого сайта с онлайн фильмами до одного из самых популярных кинотеатров, который показывает хорошее кино, включая последние новинки и легальные фильмы.</description>
    <platform>all</platform>
  </extension>
</addon>
