<?xml version="1.0" encoding="UTF-8" standalone="yes"?>
<addon id="repository.seppius" name="Seppius XBMC Add-ons" version="1.0.0" provider-name="seppius">
	<extension point="xbmc.addon.repository" name="Seppius XBMC Add-ons">
		<info compressed="false">http://xbmc-russia.googlecode.com/hg/addons/addons.xml</info>
		<checksum>http://xbmc-russia.googlecode.com/hg/addons/addons.xml.md5</checksum>
		<datadir zip="false">http://xbmc-russia.googlecode.com/hg/addons/</datadir>
	</extension>
	<extension point="xbmc.addon.metadata">
		<summary>Install Add-ons from seppius Add-on Repository</summary>
		<description>Plug-ins for XBMC</description>
		<disclaimer>There are add-ons that allow viewing popular Russian resources in the program XBMC</disclaimer>
		<platform>all</platform>
	</extension>
</addon>
