<?xml version="1.0" encoding="UTF-8" standalone="yes"?>
<addon id="repository.myshows.me" name="MyShows.me Kodi Repo" version="1.0.0" provider-name="DiMartino">
  <extension point="xbmc.addon.repository" name="MyShows.me Kodi Repo">
     <info compressed="false">https://api.bitbucket.org/1.0/repositories/DiMartino/myshows.me-kodi-repo/raw/default/addons.xml</info>
     <checksum>https://api.bitbucket.org/1.0/repositories/DiMartino/myshows.me-kodi-repo/raw/default/addons.xml.md5</checksum>
     <datadir zip="true">https://api.bitbucket.org/1.0/repositories/DiMartino/myshows.me-kodi-repo/raw/default/</datadir>
   </extension>
	<extension point="xbmc.addon.metadata">
		<summary>Устанавливайте дополнения из репозитория MyShows.me</summary>
		<description>Дополнения для Kodi</description>
		<disclaimer>DiMartino, bigbax, MyShows.me Team</disclaimer>
		<platform>all</platform>
	</extension>
</addon>
